"Y1","Y2","Source","W","HOB"
2.61856303460067,1.85642298255378,"1",13.9978321147582,1.0668
