"Y1","Y2","Source","logTempSc","logPressureSc","W","HOB"
-5.04864873629447,-2.8587045003978,"1",0,0,13.9978321147582,1.0668
