"Y1","Y2","Source","Path","Type","logTempSc","logPressureSc","lRange","W","C2N","HOB"
9.63978071617755,-0.723773346600146,"SUGAR","SU","1",0.0137933221323356,-0.195524544120257,5.94174895486205,13.9978321147582,0.693147180559945,1.0668
9.27635627756959,-0.656779619910678,"SUGAR","SU","1",0.0137933221323356,-0.195524544120257,6.24900952513952,13.9978321147582,0.693147180559945,1.0668
8.92953361161434,-0.601345153257374,"SUGAR","SU","1",0.0137933221323356,-0.195524544120257,6.55136600852057,13.9978321147582,0.693147180559945,1.0668
10.2699987297962,-0.854986642146357,"SUGAR","SU","1",0.0137933221323356,-0.195524544120257,5.33399334300051,13.9978321147582,0.693147180559945,1.0668
9.98828900660572,-0.767217953692785,"SUGAR","SU","1",0.0137933221323356,-0.195524544120257,5.63627421487344,13.9978321147582,0.693147180559945,1.0668
