"Y1","Y2","Source","W","HOB"
2.72968323251149,1.60198881236739,"1",13.9978321147582,1.0668
