"Y1","Y2","Source","Path","Type","lRange","W","C2N","HOB"
-7.05747472640628,-3.47028150395259,"SUGAR","Path_1","1",5.70174707129413,13.9978321147582,0.693147180559945,1.0668
-7.61856472885561,-4.10197908870392,"SUGAR","Path_1","1",6.12538336467377,13.9978321147582,0.693147180559945,1.0668
-8.18810948045702,-4.59077526235558,"SUGAR","Path_1","1",6.56620818703815,13.9978321147582,0.693147180559945,1.0668
